arm,task,best_r2_mean,best_r2_std,steps_to_thr_mean,dead_frac_mean
continual,1,0.413565803356305,0.09915472411256392,31.333333333333332,0.01736111111111111
continual,2,0.5811538227088743,0.18091386918954527,27.166666666666668,0.020833333333333332
continual,3,0.6005205747775609,0.14898045442963503,19.4,0.034722222222222224
continual,4,0.5791901576970618,0.12092975155509249,21.0,0.052083333333333336
continual,5,0.6320107445800504,0.1925382125421994,16.0,0.05902777777777778
continual,6,0.5951324696789159,0.15370890785846403,21.5,0.07291666666666667
continual,7,0.6456189870988475,0.1944785263837879,10.75,0.07986111111111112
continual,8,0.6410838764727879,0.14919229009162824,19.666666666666668,0.07986111111111112
continual,9,0.640254759213153,0.13450316200062076,17.5,0.10763888888888888
continual,10,0.6410571921318856,0.13203467368650296,18.833333333333332,0.11805555555555557
continual,11,0.5845926692332082,0.15500547395606248,19.4,0.12847222222222224
continual,12,0.621930444912406,0.17086127248856467,17.2,0.1388888888888889
continual,13,0.6837096014882875,0.1527710733829106,13.2,0.14236111111111113
continual,14,0.6795150086101319,0.12304669950452538,19.5,0.15277777777777776
continual,15,0.6894904003619268,0.15132227223227,16.2,0.16666666666666666
continual,16,0.5984692075365924,0.13857494028197964,23.2,0.1979166666666667
continual,17,0.5748581738276728,0.15062497977714573,23.8,0.21875
continual,18,0.6671988308933002,0.1519667166573044,17.6,0.22569444444444442
continual,19,0.5438470645707814,0.1385942991197279,24.75,0.24305555555555555
continual,20,0.5862241650316202,0.1872504855709356,19.5,0.2569444444444444
continual,21,0.47302188771988574,0.1896732367991967,29.4,0.2743055555555555
continual,22,0.458391337260333,0.12777065591060477,30.5,0.28124999999999994
continual,23,0.514783587998859,0.17595882192170423,17.666666666666668,0.2916666666666667
continual,24,0.4886864741862171,0.20864000940900282,19.0,0.3055555555555556
continual,25,0.5174336770669928,0.2363570265091028,21.25,0.31597222222222227
continual,26,0.5008290014620193,0.18419471099015516,24.25,0.3263888888888889
continual,27,0.47366640745984806,0.19106188600154692,27.25,0.34027777777777773
continual,28,0.5361492245808134,0.14367681545865948,28.0,0.3645833333333333
continual,29,0.4768164749302543,0.14400040741561235,26.333333333333332,0.375
continual,30,0.5089564617364144,0.2510184023358302,17.666666666666668,0.38888888888888884
continual,31,0.435897203995596,0.26272033186571914,17.5,0.3923611111111111
continual,32,0.3368812651110294,0.17225237256415588,13.0,0.40277777777777773
continual,33,0.35395370118705904,0.12173385637613515,21.0,0.4131944444444445
continual,34,0.38937627615949094,0.11054226950451371,33.5,0.42013888888888884
continual,35,0.3995171453562954,0.19734574266746852,20.5,0.42013888888888884
continual,36,0.366633401183619,0.1616670152204557,32.5,0.4236111111111111
continual,37,0.3179177149454849,0.09862029411720895,38.0,0.4236111111111111
continual,38,0.35569779075286845,0.15245432982541968,29.5,0.4236111111111111
continual,39,0.33076627921015705,0.12385495897830937,32.5,0.43402777777777785
continual,40,0.4599228569163956,0.19127822378006498,25.5,0.4444444444444445
continual,41,0.39554328321748206,0.1423192945509315,26.5,0.45486111111111116
continual,42,0.5366787768085631,0.2275649555709587,17.0,0.4618055555555556
continual,43,0.4668254383062255,0.23299531064934362,25.75,0.4826388888888889
continual,44,0.40570831966980325,0.21760510643494915,21.5,0.4861111111111111
continual,45,0.40004088952079503,0.1961123303798643,23.0,0.4930555555555556
continual,46,0.4874896145491127,0.19366424898769202,23.333333333333332,0.5034722222222222
continual,47,0.24951586561256778,0.07944622689405983,,0.5069444444444445
continual,48,0.2801104751172044,0.07322882359096454,,0.5104166666666667
continual,49,0.27201899064372365,0.07727746559177234,,0.5173611111111112
continual,50,0.47793359358410586,0.24893756775607773,19.333333333333332,0.5208333333333334
continual,51,0.35519690445234336,0.14880430856033167,18.0,0.5243055555555556
continual,52,0.3964438499082084,0.19014546813122796,26.5,0.5277777777777778
continual,53,0.5060359200478509,0.21079773718911704,26.75,0.5381944444444445
continual,54,0.35110281469586324,0.22042877358335144,21.0,0.5625
continual,55,0.3301297797666564,0.2389808830117907,22.0,0.579861111111111
continual,56,0.3774313981721488,0.1774738422265874,32.333333333333336,0.59375
continual,57,0.33442873223220676,0.20221215979125637,28.5,0.5972222222222222
continual,58,0.27651084770877915,0.1378497759770482,30.0,0.6041666666666666
continual,59,0.28469310689988775,0.14256383119960553,23.0,0.6111111111111112
continual,60,0.4243187038262299,0.22638042811858802,27.333333333333332,0.625
continual,61,0.2550481046694688,0.06586311282757955,,0.6284722222222222
continual,62,0.26586128323384356,0.17424599348480166,15.0,0.6284722222222222
continual,63,0.4588934695465485,0.28373180863873143,19.666666666666668,0.6354166666666666
continual,64,0.22825070458185626,0.11113352613582712,40.0,0.642361111111111
continual,65,0.3292360134783697,0.22926590339732666,22.0,0.6527777777777778
continual,66,0.25962652159925975,0.24591397095627804,10.0,0.65625
continual,67,0.3521053603397666,0.218096477054245,7.0,0.6597222222222222
continual,68,0.4571469269997424,0.3087348589755713,16.0,0.6666666666666666
continual,69,0.47159955618815214,0.2013258656456254,27.4,0.6666666666666666
continual,70,0.4724019532659238,0.29723189525762944,17.333333333333332,0.670138888888889
continual,71,0.43227547421815055,0.2053858350929717,26.75,0.673611111111111
continual,72,0.3763949072034518,0.2921205737564396,11.0,0.6840277777777777
continual,73,0.4113284768647081,0.27497002533467935,26.0,0.6979166666666666
continual,74,0.19048569335288992,0.08270873939614867,,0.7048611111111112
continual,75,0.37514087542874136,0.2486675036936966,30.0,0.7118055555555555
continual,76,0.22563536561441597,0.13682438155997162,33.0,0.71875
continual,77,0.30462075505257774,0.2191998339068707,28.0,0.71875
continual,78,0.4227671099316412,0.21288657153857066,31.75,0.71875
continual,79,0.2574048738707795,0.2229320366664312,12.0,0.7291666666666666
continual,80,0.22503483774578625,0.18874182373437953,34.0,0.7291666666666666
continual,81,0.23151378943088974,0.14250930806076867,36.0,0.7361111111111112
continual,82,0.27551382106987393,0.2190123004853959,32.0,0.7430555555555557
continual,83,0.26904472517454286,0.21880811853079082,31.0,0.75
continual,84,0.24431231147372887,0.1639469233575712,31.0,0.75
continual,85,0.2278981429320802,0.07658121647764805,,0.7569444444444443
continual,86,0.2830913530313706,0.20484782011600078,32.5,0.7604166666666666
continual,87,0.45296660515768855,0.2671496864822913,24.75,0.7708333333333334
continual,88,0.3012838653007995,0.2499188033660628,28.5,0.7743055555555555
continual,89,0.3152675577473503,0.2472371731201077,27.0,0.7777777777777777
continual,90,0.2024813067088865,0.14191847945544891,38.0,0.7777777777777777
continual,91,0.2746480739719594,0.1547565994958247,36.5,0.78125
continual,92,0.2976383341551776,0.16160186831107332,28.0,0.7881944444444445
continual,93,0.21001644828071017,0.0952281673761016,38.0,0.7881944444444445
continual,94,0.41541749111369247,0.2963025467811542,16.333333333333332,0.7881944444444445
continual,95,0.4017562066179056,0.27141912446668276,17.0,0.7916666666666666
continual,96,0.19928135653534648,0.18635585044075523,21.0,0.795138888888889
continual,97,0.27415705967332127,0.21128782240112978,18.0,0.8020833333333334
continual,98,0.26416316083685093,0.13032615370872994,37.0,0.8020833333333334
continual,99,0.20532459780208842,0.2475816147853297,19.0,0.8020833333333334
continual,100,0.09772359822721238,0.014897239449805038,,0.8020833333333334
fresh,1,0.4300749053536656,0.18633425653611188,26.5,0.027777777777777776
fresh,2,0.4392708750296595,0.18134834239684033,27.5,0.03819444444444444
fresh,3,0.3608006505433488,0.09367776152676933,27.0,0.05902777777777777
fresh,4,0.41208892047926743,0.1917182529929593,26.0,0.041666666666666664
fresh,5,0.480636863939126,0.17874130400711707,28.333333333333332,0.06944444444444443
fresh,6,0.49521107586874163,0.23037268205969716,24.333333333333332,0.0625
fresh,7,0.5196519261642475,0.16300679911406665,23.25,0.024305555555555556
fresh,8,0.5025583691800932,0.17498397804482327,25.0,0.031249999999999997
fresh,9,0.48485831961310444,0.1747331194041799,26.0,0.09027777777777779
fresh,10,0.49432919952543397,0.19755467643549554,26.5,0.06944444444444445
fresh,11,0.40012616321767425,0.1043108931690169,28.5,0.034722222222222224
fresh,12,0.3840021219727761,0.14431588624291347,31.333333333333332,0.07291666666666667
fresh,13,0.48826931758952075,0.17007565754009327,24.333333333333332,0.052083333333333336
fresh,14,0.4548459035257724,0.2334602573717536,28.0,0.06944444444444443
fresh,15,0.4745676184149558,0.22072600573646797,30.25,0.05555555555555556
fresh,16,0.4107580890091443,0.15837959679620423,29.5,0.13541666666666666
fresh,17,0.48715437919604293,0.20681576589531256,26.0,0.052083333333333336
fresh,18,0.5702320094685417,0.1864814947131675,27.25,0.06597222222222222
fresh,19,0.5149532353626991,0.17287911933354544,29.75,0.06944444444444445
fresh,20,0.4721949165588087,0.18332148480310714,29.333333333333332,0.09027777777777778
fresh,21,0.41244304190984366,0.063852851488156,33.25,0.03819444444444444
fresh,22,0.3850267583058404,0.1449540593811029,33.5,0.05902777777777777
fresh,23,0.42311059748548036,0.06945818706578737,36.25,0.03125
fresh,24,0.4415614555024047,0.14860464056928166,25.666666666666668,0.041666666666666664
fresh,25,0.5189152170994645,0.14758727399374166,29.0,0.003472222222222222
fresh,26,0.46104800236174337,0.16461766283265594,31.25,0.006944444444444444
fresh,27,0.49845308257505505,0.11650718975191686,30.2,0.01736111111111111
fresh,28,0.5458214607274454,0.19822479674000335,26.0,0.03125
fresh,29,0.4045244086374467,0.12975982901538533,31.0,0.045138888888888895
fresh,30,0.4663930672071593,0.2213612703302106,25.333333333333332,0.09722222222222222
fresh,31,0.42469847692807555,0.19141551455812092,19.5,0.03125
fresh,32,0.3733861515865879,0.2070940383037923,18.0,0.03819444444444445
fresh,33,0.3132140336290135,0.19861227080825533,23.0,0.09375
fresh,34,0.35945054819141453,0.16098834174636414,14.0,0.027777777777777776
fresh,35,0.4224671264399653,0.19224664449812334,27.333333333333332,0.09027777777777779
fresh,36,0.3807543535810565,0.06921284986155635,36.333333333333336,0.020833333333333332
fresh,37,0.4437535111899857,0.14315868624513822,28.666666666666668,0.027777777777777776
fresh,38,0.41810857927715867,0.09554567792390423,34.333333333333336,0.03819444444444445
fresh,39,0.4226252628203659,0.1668120289554753,23.5,0.03125
fresh,40,0.4829949918933116,0.18108438861295642,25.0,0.041666666666666664
fresh,41,0.5203060922935815,0.21779945566184225,24.25,0.05555555555555555
fresh,42,0.4430582175124161,0.1759720724759167,30.333333333333332,0.041666666666666664
fresh,43,0.4979242013005083,0.1925812173523582,30.75,0.041666666666666664
fresh,44,0.4507118664166247,0.20136753827920043,20.666666666666668,0.05555555555555555
fresh,45,0.4067959951353499,0.11603924852038003,30.0,0.020833333333333332
fresh,46,0.36145611076314244,0.09254287595272458,33.5,0.04861111111111111
fresh,47,0.35909188265338504,0.16232978828838043,33.5,0.06597222222222222
fresh,48,0.4337696063281027,0.1995925661562102,26.666666666666668,0.09722222222222222
fresh,49,0.46470968580741917,0.18371084370042612,29.5,0.048611111111111105
fresh,50,0.5022227964625875,0.1670447789652016,24.0,0.048611111111111105
fresh,51,0.4748823374942366,0.23887880322016086,21.0,0.07986111111111112
fresh,52,0.5227463664194226,0.2070393250582499,27.2,0.06597222222222222
fresh,53,0.5699972688449425,0.23575565063671666,21.5,0.06597222222222222
fresh,54,0.4666452442988001,0.26067120178934405,13.5,0.08333333333333333
fresh,55,0.3565525123276479,0.12323345019856115,29.5,0.1076388888888889
fresh,56,0.4463330969300065,0.17144660025178415,28.0,0.03472222222222222
fresh,57,0.4192243556455791,0.17621360698586724,33.0,0.07986111111111112
fresh,58,0.42720426932076966,0.1304305411081562,33.5,0.04513888888888889
fresh,59,0.4207589750470316,0.15069638599595678,27.5,0.0625
fresh,60,0.4503840367102445,0.15132293485480872,32.333333333333336,0.020833333333333332
fresh,61,0.4952834356467364,0.07195254810802955,34.333333333333336,0.01736111111111111
fresh,62,0.46409102230161375,0.0624019085243538,34.2,0.010416666666666666
fresh,63,0.41430388435598436,0.1047051599373647,33.0,0.07986111111111112
fresh,64,0.45437861754248293,0.15917621400046603,25.0,0.041666666666666664
fresh,65,0.5035797930076006,0.17646929288411153,22.666666666666668,0.09027777777777779
fresh,66,0.4826326887887013,0.13393306266479552,33.2,0.01736111111111111
fresh,67,0.5441335772301735,0.15752022047333178,27.4,0.045138888888888895
fresh,68,0.5198399697571771,0.1645150001857092,28.25,0.09027777777777779
fresh,69,0.472862260081176,0.17660627989153244,25.666666666666668,0.05208333333333334
fresh,70,0.5089680626570258,0.17087910763397884,30.6,0.0625
fresh,71,0.5468000894265516,0.18211455936255874,24.0,0.01736111111111111
fresh,72,0.5074462442802569,0.1575332940325448,27.75,0.03472222222222222
fresh,73,0.41613286863956295,0.18055697856174777,28.5,0.05555555555555556
fresh,74,0.4235192062587972,0.13063506719727389,30.666666666666668,0.03819444444444445
fresh,75,0.4872689013982498,0.20210357677701732,29.0,0.03472222222222222
fresh,76,0.47220934687157534,0.1838146261915852,26.0,0.045138888888888895
fresh,77,0.324320568246099,0.033752745459460144,,0.06597222222222221
fresh,78,0.4419603772226853,0.09081532803914309,33.25,0.04513888888888889
fresh,79,0.4032747274272916,0.1023380930210233,32.0,0.052083333333333336
fresh,80,0.5070349352016862,0.1121162952903509,30.0,0.03125000000000001
fresh,81,0.4841598550819051,0.07413610110254243,32.4,0.024305555555555556
fresh,82,0.5256060138101403,0.18251139880344205,25.5,0.010416666666666666
fresh,83,0.5289199292544206,0.11579254630315951,28.75,0.041666666666666664
fresh,84,0.5355198623735794,0.14443933354526067,28.0,0.003472222222222222
fresh,85,0.5981795740599588,0.1594040084717157,26.8,0.024305555555555556
fresh,86,0.47220762303523767,0.1561016382107239,25.666666666666668,0.034722222222222224
fresh,87,0.5270523435666371,0.14901354587716298,29.5,0.04513888888888889
fresh,88,0.43006772078724803,0.1233548172735604,31.666666666666668,0.10069444444444446
fresh,89,0.44471220307433734,0.14488008601621633,30.0,0.03125
fresh,90,0.3908844424289899,0.1465085931420957,30.0,0.1388888888888889
fresh,91,0.45072968283472425,0.12887402683324464,31.25,0.0763888888888889
fresh,92,0.44700961270432843,0.1025255231039134,33.75,0.07291666666666667
fresh,93,0.5066760430381075,0.11168811392101823,33.333333333333336,0.05555555555555555
fresh,94,0.5135645559592389,0.19496654289509438,25.0,0.052083333333333336
fresh,95,0.5625076666619979,0.19805082397788837,25.2,0.03819444444444445
fresh,96,0.5635561551832352,0.19163683738008733,27.0,0.034722222222222224
fresh,97,0.4170685479882141,0.11902920567606783,25.0,0.07986111111111109
fresh,98,0.5303347502105702,0.24071633104586473,15.666666666666666,0.07638888888888888
fresh,99,0.51060210093547,0.17799401957785377,29.4,0.010416666666666666
fresh,100,0.42949018779460957,0.1696638262018607,27.666666666666668,0.03819444444444444
l2init,1,0.43152951256948996,0.18824952230580821,28.0,0.0
l2init,2,0.48512784774019796,0.19660225673991807,18.333333333333332,0.0
l2init,3,0.4137392405056139,0.10612686021884785,34.666666666666664,0.0
l2init,4,0.4919224380890404,0.177814933000077,22.333333333333332,0.0
l2init,5,0.5177679356215449,0.173334727023619,25.25,0.0
l2init,6,0.4343163111481909,0.18241611352253168,27.0,0.0
l2init,7,0.4495833328689333,0.1852270834305379,19.333333333333332,0.0
l2init,8,0.33153107372067475,0.10280239893977372,29.0,0.0
l2init,9,0.3738072722116188,0.15050448734168317,24.5,0.0
l2init,10,0.4271107260263833,0.13323187964798494,16.5,0.0
l2init,11,0.4303589225313305,0.19770816669676725,19.5,0.0
l2init,12,0.52359313869362,0.19012280280187466,19.75,0.0
l2init,13,0.46878636992108524,0.13816509821373982,28.75,0.0
l2init,14,0.4484780705796514,0.2019341279077891,26.0,0.0
l2init,15,0.48925643720713197,0.19806388861172927,19.666666666666668,0.0
l2init,16,0.4256538790651416,0.17149883896835585,19.0,0.0
l2init,17,0.4879422072562852,0.1402877432767267,26.333333333333332,0.0
l2init,18,0.3916955619999267,0.10302266844347902,35.5,0.0
l2init,19,0.48216601758782573,0.1837479457528723,29.75,0.0
l2init,20,0.5761932156601072,0.13319753055806915,26.6,0.0
l2init,21,0.4162953201146304,0.18134377697547455,23.5,0.0
l2init,22,0.4897511497986368,0.20615065340710928,18.666666666666668,0.0
l2init,23,0.3718803407477231,0.12370928304026826,18.0,0.0
l2init,24,0.3695975325844861,0.08863862149077759,34.5,0.0
l2init,25,0.40967383949205977,0.19267903672309453,18.5,0.0
l2init,26,0.3687582611402034,0.13824592585840045,27.0,0.0
l2init,27,0.43252661459575786,0.11501799105493084,28.75,0.0
l2init,28,0.5358170927665409,0.174126684003085,22.25,0.0
l2init,29,0.4851359991154069,0.17458046594105328,19.666666666666668,0.0
l2init,30,0.39719683645091036,0.16477636980286575,25.0,0.0
l2init,31,0.3416368065332273,0.11702453880144086,27.0,0.0
l2init,32,0.3355733093954744,0.061438776774526166,36.5,0.0
l2init,33,0.41289970145653715,0.14409935028361667,28.0,0.0
l2init,34,0.35321974586116434,0.1640494684059147,29.0,0.0
l2init,35,0.44779022359026505,0.16319282585130712,29.5,0.0
l2init,36,0.38991200722745495,0.16402700183245744,23.0,0.0
l2init,37,0.31849346894276875,0.04199803808120272,,0.0
l2init,38,0.3383998500294993,0.09085583498963068,29.0,0.0
l2init,39,0.38651888482367536,0.13509628394430187,32.333333333333336,0.0
l2init,40,0.5155781037841409,0.17694398818533588,20.0,0.0
l2init,41,0.38733406568846124,0.10425023813402673,30.0,0.0
l2init,42,0.4267468118096363,0.18840547482115547,21.666666666666668,0.0
l2init,43,0.39477732344519145,0.11657020486461794,26.5,0.0
l2init,44,0.3981379940555278,0.15307269954411606,19.0,0.0
l2init,45,0.37849781821447853,0.09906869231812958,27.0,0.0
l2init,46,0.4271383002804201,0.15850831105685512,27.666666666666668,0.0
l2init,47,0.4311310401157133,0.17691692385918434,27.333333333333332,0.0
l2init,48,0.4291178832579674,0.15434175578104128,29.333333333333332,0.0
l2init,49,0.4009779890508131,0.1572826949673547,24.5,0.0
l2init,50,0.4637715694263868,0.14819740636054052,29.0,0.0
l2init,51,0.37370255288994336,0.12541077442190393,22.5,0.0
l2init,52,0.3582051196432434,0.06864656410502896,36.0,0.0
l2init,53,0.5405115066780825,0.17538333558332694,21.25,0.0
l2init,54,0.37710708707074053,0.14379481459421173,26.5,0.0
l2init,55,0.3646317905540719,0.13007568637762618,34.0,0.0
l2init,56,0.4015523537210954,0.11872835674095025,28.5,0.0
l2init,57,0.4940098536700868,0.17249096382555798,25.0,0.0
l2init,58,0.42206721788363605,0.10588379895149545,31.333333333333332,0.0
l2init,59,0.5052157724140818,0.18538182329982014,21.666666666666668,0.0
l2init,60,0.39875484804230177,0.17379167072261295,23.5,0.0
l2init,61,0.3640167231305081,0.07319110696192539,34.0,0.0
l2init,62,0.30959297267169655,0.0440853894385013,,0.0
l2init,63,0.5651644220370993,0.1553714470973145,26.0,0.0
l2init,64,0.3481516771188599,0.13302726793539796,26.0,0.0
l2init,65,0.4029862075227391,0.1013480980592818,26.5,0.0
l2init,66,0.40692020113773825,0.17006580586936712,17.5,0.0
l2init,67,0.5024008949162381,0.15713818030840349,21.75,0.0
l2init,68,0.45209292119621375,0.1998388270391542,21.666666666666668,0.0
l2init,69,0.44761514605107244,0.17815720628036705,20.0,0.0
l2init,70,0.553754226079597,0.1826195513831081,18.0,0.0
l2init,71,0.4450606272794381,0.2124236384575134,17.0,0.0
l2init,72,0.3482751712187677,0.10142655606249826,26.0,0.0
l2init,73,0.46850321580344284,0.15866701569766853,23.0,0.0
l2init,74,0.3705567289827627,0.1848857373613289,26.0,0.0
l2init,75,0.4202198512558426,0.16008278894922506,24.0,0.0
l2init,76,0.3690951614110096,0.15982352058214577,21.0,0.0
l2init,77,0.35577393656377226,0.1223322932155901,31.5,0.0
l2init,78,0.3775708356762261,0.06183311043349121,36.0,0.0
l2init,79,0.4734107169390766,0.131234616114696,29.5,0.0
l2init,80,0.48549606769792003,0.131359589536429,29.4,0.0
l2init,81,0.41863662499227766,0.11137886012520852,32.333333333333336,0.0
l2init,82,0.3748487693565732,0.0603478703496784,31.5,0.0
l2init,83,0.5416322356096835,0.11558575499278972,29.8,0.0
l2init,84,0.34756807362422104,0.09714020773715552,28.0,0.0
l2init,85,0.4936900827755098,0.16767516938347032,23.0,0.0
l2init,86,0.4817682598445545,0.13797997519482927,30.5,0.0
l2init,87,0.4615632088948393,0.15419945699524829,28.75,0.0
l2init,88,0.4975429386146835,0.17351579685549162,31.0,0.0
l2init,89,0.4712836354899615,0.16927606565542744,27.666666666666668,0.0
l2init,90,0.3979944935944797,0.16373736478486578,29.333333333333332,0.0
l2init,91,0.524677806862374,0.17327974010379701,25.25,0.0
l2init,92,0.5145061443687728,0.12384142344174338,31.2,0.0
l2init,93,0.6205591483818541,0.15700982071690106,19.8,0.0
l2init,94,0.44719970885906263,0.11904352025287496,25.333333333333332,0.0
l2init,95,0.5737983053249677,0.0933114976727406,23.666666666666668,0.0
l2init,96,0.4908113069812703,0.20769069423365033,16.666666666666668,0.0
l2init,97,0.42922930576329654,0.1339970820299681,24.0,0.0
l2init,98,0.44969576392870264,0.1784434325770224,13.0,0.0
l2init,99,0.38857705251768904,0.17908237260497203,23.0,0.0
l2init,100,0.3494134814931584,0.08981599016224204,28.0,0.0
